Discount,Sales,Average_Sales
0.0,1087908.47,inf
0.1,54369.351,543693.51
0.15,27558.5215,183723.47666666663
0.2,764594.368,3822971.84
0.3,103226.655,344088.85000000003
0.32,14493.4588,45292.05875
0.4,116417.784,291044.46
0.45,5484.974,12188.83111111111
0.5,58918.54,117837.08
0.6,6644.7,11074.5
0.7,40620.282,58028.97428571429
0.8,16963.756,21204.695
